time [s],Lmtc [m],STIM [ ],Fsee [N]
0.0,0.037,0.0,0.03419064166695676
0.0005,0.037,0.0,0.034190641666958795
0.001,0.037,0.0,0.034190641666958795
0.0015,0.037,0.0,0.034190641666958795
0.002,0.037,0.0,0.034190641666958795
0.0025,0.037,0.0,0.034190641666958795
0.003,0.037,0.0,0.034190641666958795
0.0035,0.037,0.0,0.034190641666958795
0.004,0.037,0.0,0.03419064166696083
0.0045000000000000005,0.037,0.0,0.03419064166696083
0.005,0.037,0.0,0.03419064166696083
0.0055,0.037,0.0,0.03419064166696083
0.006,0.037,0.0,0.03419064166696286
0.006500000000000001,0.037,0.0,0.03419064166696286
0.007,0.037,0.0,0.03419064166696286
0.0075,0.037,0.0,0.03419064166696286
0.008,0.037,0.0,0.03419064166696286
0.0085,0.037,0.0,0.03419064166696286
0.009000000000000001,0.037,0.0,0.034190641666964894
0.0095,0.037,0.0,0.034190641666964894
0.01,0.037,0.0,0.03419064166696692
0.0105,0.037,0.0,0.03419064166696692
0.011,0.037,0.0,0.03419064166696692
0.0115,0.037,0.0,0.03419064166696692
0.012,0.037,0.0,0.03419064166696692
0.0125,0.037,0.0,0.03419064166696692
0.013000000000000001,0.037,0.0,0.03419064166696692
0.0135,0.037,0.0,0.03419064166696692
0.014,0.037,0.0,0.03419064166696895
0.0145,0.037,0.0,0.03419064166696895
0.015,0.037,0.0,0.034190641666970986
0.0155,0.037,0.0,0.034190641666970986
0.016,0.037,0.0,0.034190641666970986
0.0165,0.037,0.0,0.034190641666970986
0.017,0.037,0.0,0.034190641666970986
0.0175,0.037,0.0,0.034190641666970986
0.018000000000000002,0.037,0.0,0.034190641666970986
0.0185,0.037,0.0,0.034190641666970986
0.019,0.037,0.0,0.034190641666970986
0.0195,0.037,0.0,0.034190641666970986
0.02,0.037,0.0,0.034190641666970986
0.0205,0.037,0.0,0.034190641666970986
0.021,0.037,0.0,0.034190641666970986
0.021500000000000002,0.037,0.0,0.034190641666970986
0.022,0.037,0.0,0.034190641666970986
0.0225,0.037,0.0,0.034190641666970986
0.023,0.037,0.0,0.034190641666970986
0.0235,0.037,0.0,0.034190641666970986
0.024,0.037,0.0,0.034190641666970986
0.0245,0.037,0.0,0.034190641666970986
0.025,0.037,0.0,0.034190641666970986
0.025500000000000002,0.037,0.0,0.034190641666970986
0.026000000000000002,0.037,0.0,0.034190641666970986
0.0265,0.037,0.0,0.034190641666970986
0.027,0.037,0.0,0.034190641666970986
0.0275,0.037,0.0,0.034190641666970986
0.028,0.037,0.0,0.034190641666970986
0.0285,0.037,0.0,0.034190641666970986
0.029,0.037,0.0,0.034190641666970986
0.029500000000000002,0.037,0.0,0.034190641666970986
0.03,0.037,0.0,0.034190641666970986
0.0305,0.037,0.0,0.034190641666970986
0.031,0.037,0.0,0.034190641666970986
0.0315,0.037,0.0,0.034190641666970986
0.032,0.037,0.0,0.034190641666970986
0.0325,0.037,0.0,0.034190641666970986
0.033,0.037,0.0,0.034190641666970986
0.0335,0.037,0.0,0.034190641666970986
0.034,0.037,0.0,0.034190641666970986
0.0345,0.037,0.0,0.034190641666970986
0.035,0.037,0.0,0.034190641666970986
0.035500000000000004,0.037,0.0,0.034190641666970986
0.036000000000000004,0.037,0.0,0.034190641666970986
0.0365,0.037,0.0,0.034190641666970986
0.037,0.037,0.0,0.034190641666970986
0.0375,0.037,0.0,0.034190641666970986
0.038,0.037,0.0,0.034190641666970986
0.0385,0.037,0.0,0.034190641666970986
0.039,0.037,0.0,0.034190641666970986
0.0395,0.037,0.0,0.034190641666970986
0.04,0.037,0.0,0.034190641666970986
0.0405,0.037,0.0,0.034190641666970986
0.041,0.037,0.0,0.034190641666970986
0.0415,0.037,0.0,0.034190641666970986
0.042,0.037,0.0,0.034190641666970986
0.0425,0.037,0.0,0.034190641666970986
0.043000000000000003,0.037,0.0,0.034190641666970986
0.043500000000000004,0.037,0.0,0.034190641666970986
0.044,0.037,0.0,0.034190641666970986
0.0445,0.037,0.0,0.034190641666970986
0.045,0.037,0.0,0.034190641666970986
0.0455,0.037,0.0,0.034190641666970986
0.046,0.037,0.0,0.034190641666970986
0.0465,0.037,0.0,0.034190641666970986
0.047,0.037,0.0,0.034190641666970986
0.0475,0.037,0.0,0.034190641666970986
0.048,0.037,0.0,0.034190641666970986
0.0485,0.037,0.0,0.034190641666970986
0.049,0.037,0.0,0.034190641666970986
0.0495,0.037,0.0,0.034190641666970986
0.05,0.037,0.0,0.034190641666970986
0.0505,0.037,0.0,0.034190641666970986
0.051000000000000004,0.037,0.0,0.034190641666970986
0.051500000000000004,0.037,0.0,0.034190641666970986
0.052000000000000005,0.037,0.0,0.034190641666970986
0.0525,0.037,0.0,0.034190641666970986
0.053,0.037,0.0,0.034190641666970986
0.0535,0.037,0.0,0.034190641666970986
0.054,0.037,0.0,0.034190641666970986
0.0545,0.037,0.0,0.034190641666970986
0.055,0.037,0.0,0.034190641666970986
0.0555,0.037,0.0,0.034190641666970986
0.056,0.037,0.0,0.034190641666970986
0.0565,0.037,0.0,0.034190641666970986
0.057,0.037,0.0,0.034190641666970986
0.0575,0.037,0.0,0.034190641666970986
0.058,0.037,0.0,0.034190641666970986
0.0585,0.037,0.0,0.034190641666970986
0.059000000000000004,0.037,0.0,0.034190641666970986
0.059500000000000004,0.037,0.0,0.034190641666970986
0.06,0.037,0.0,0.034190641666970986
0.0605,0.037,0.0,0.034190641666970986
0.061,0.037,0.0,0.034190641666970986
0.0615,0.037,0.0,0.034190641666970986
0.062,0.037,0.0,0.034190641666970986
0.0625,0.037,0.0,0.034190641666970986
0.063,0.037,0.0,0.034190641666970986
0.0635,0.037,0.0,0.034190641666970986
0.064,0.037,0.0,0.034190641666970986
0.0645,0.037,0.0,0.034190641666970986
0.065,0.037,0.0,0.034190641666970986
0.0655,0.037,0.0,0.034190641666970986
0.066,0.037,0.0,0.034190641666970986
0.0665,0.037,0.0,0.034190641666970986
0.067,0.037,0.0,0.034190641666970986
0.0675,0.037,0.0,0.034190641666970986
0.068,0.037,0.0,0.034190641666970986
0.0685,0.037,0.0,0.034190641666970986
0.069,0.037,0.0,0.034190641666970986
0.0695,0.037,0.0,0.034190641666970986
0.07,0.037,0.0,0.034190641666970986
0.07050000000000001,0.037,0.0,0.034190641666970986
0.07100000000000001,0.037,0.0,0.034190641666970986
0.07150000000000001,0.037,0.0,0.034190641666970986
0.07200000000000001,0.037,0.0,0.034190641666970986
0.0725,0.037,0.0,0.034190641666970986
0.073,0.037,0.0,0.034190641666970986
0.0735,0.037,0.0,0.034190641666970986
0.074,0.037,0.0,0.034190641666970986
0.0745,0.037,0.0,0.034190641666970986
0.075,0.037,0.0,0.034190641666970986
0.0755,0.037,0.0,0.034190641666970986
0.076,0.037,0.0,0.034190641666970986
0.0765,0.037,0.0,0.034190641666970986
0.077,0.037,0.0,0.034190641666970986
0.0775,0.037,0.0,0.034190641666970986
0.078,0.037,0.0,0.034190641666970986
0.0785,0.037,0.0,0.034190641666970986
0.079,0.037,0.0,0.034190641666970986
0.0795,0.037,0.0,0.034190641666970986
0.08,0.037,0.0,0.034190641666970986
0.0805,0.037,0.0,0.034190641666970986
0.081,0.037,0.0,0.034190641666970986
0.0815,0.037,0.0,0.034190641666970986
0.082,0.037,0.0,0.034190641666970986
0.0825,0.037,0.0,0.034190641666970986
0.083,0.037,0.0,0.034190641666970986
0.0835,0.037,0.0,0.034190641666970986
0.084,0.037,0.0,0.034190641666970986
0.0845,0.037,0.0,0.034190641666970986
0.085,0.037,0.0,0.034190641666970986
0.0855,0.037,0.0,0.034190641666970986
0.08600000000000001,0.037,0.0,0.034190641666970986
0.08650000000000001,0.037,0.0,0.034190641666970986
0.08700000000000001,0.037,0.0,0.034190641666970986
0.08750000000000001,0.037,0.0,0.034190641666970986
0.088,0.037,0.0,0.034190641666970986
0.0885,0.037,0.0,0.034190641666970986
0.089,0.037,0.0,0.034190641666970986
0.0895,0.037,0.0,0.034190641666970986
0.09,0.037,0.0,0.034190641666970986
0.0905,0.037,0.0,0.034190641666970986
0.091,0.037,0.0,0.034190641666970986
0.0915,0.037,0.0,0.034190641666970986
0.092,0.037,0.0,0.034190641666970986
0.0925,0.037,0.0,0.034190641666970986
0.093,0.037,0.0,0.034190641666970986
0.0935,0.037,0.0,0.034190641666970986
0.094,0.037,0.0,0.034190641666970986
0.0945,0.037,0.0,0.034190641666970986
0.095,0.037,0.0,0.034190641666970986
0.0955,0.037,0.0,0.034190641666970986
0.096,0.037,0.0,0.034190641666970986
0.0965,0.037,0.0,0.034190641666970986
0.097,0.037,0.0,0.034190641666970986
0.0975,0.037,0.0,0.034190641666970986
0.098,0.037,0.0,0.034190641666970986
0.0985,0.037,0.0,0.034190641666970986
0.099,0.037,0.0,0.034190641666970986
0.0995,0.037,0.0,0.034190641666970986
0.1,0.037,1.0,0.034190641666970986
0.1005,0.037,1.0,0.03419393466386769
0.101,0.037,1.0,0.03425109772317822
0.1015,0.037,1.0,0.03450137372652584
0.10200000000000001,0.037,1.0,0.03514091941888077
0.10250000000000001,0.037,1.0,0.03637243601200233
0.10300000000000001,0.037,1.0,0.038414609701839755
0.10350000000000001,0.037,1.0,0.041578666443425394
0.10400000000000001,0.037,1.0,0.04638423883019478
0.1045,0.037,1.0,0.05368668267738968
0.105,0.037,1.0,0.06473943413913891
0.1055,0.037,1.0,0.08105584535963678
0.106,0.037,1.0,0.10391707116511334
0.1065,0.037,1.0,0.13375375524693878
0.107,0.037,1.0,0.1699870168120926
0.1075,0.037,1.0,0.21146334493739835
0.108,0.037,1.0,0.2569778811339524
0.1085,0.037,1.0,0.30555384213307263
0.109,0.037,1.0,0.35647314225052273
0.1095,0.037,1.0,0.40920947307267197
0.11,0.037,1.0,0.46335874877213823
0.1105,0.037,1.0,0.5186014816182142
0.111,0.037,1.0,0.5746662481107424
0.1115,0.037,1.0,0.6313175386892582
0.112,0.037,1.0,0.6883479546070553
0.1125,0.037,1.0,0.7455708936456599
0.113,0.037,1.0,0.8028208373805797
0.1135,0.037,1.0,0.8599484925050653
0.114,0.037,1.0,0.9168220520273939
0.1145,0.037,1.0,0.9733235689158167
0.115,0.037,1.0,1.0293499630365168
0.1155,0.037,1.0,1.0848100107611511
0.116,0.037,1.0,1.1396251002949058
0.1165,0.037,1.0,1.1937265600303455
0.117,0.037,1.0,1.2470563165330812
0.11750000000000001,0.037,1.0,1.2995644438903482
0.11800000000000001,0.037,1.0,1.3512098305392841
0.11850000000000001,0.037,1.0,1.4019579029040647
0.11900000000000001,0.037,1.0,1.4517813489372269
0.11950000000000001,0.037,1.0,1.5006579989632503
0.12,0.037,1.0,1.5485716157840599
0.1205,0.037,1.0,1.5955099263914987
0.121,0.037,1.0,1.6414654686381012
0.1215,0.037,1.0,1.6864337700608931
0.122,0.037,1.0,1.7304142330076762
0.1225,0.037,1.0,1.7734084562506698
0.123,0.037,1.0,1.8154211389540222
0.1235,0.037,1.0,1.8564585393144168
0.124,0.037,1.0,1.8965293795391818
0.1245,0.037,1.0,1.9356434343755073
0.125,0.037,1.0,1.9738124223926157
0.1255,0.037,1.0,2.0110487162761976
0.126,0.037,1.0,2.047366209113906
0.1265,0.037,1.0,2.0827791377867744
0.127,0.037,1.0,2.1173029161210914
0.1275,0.037,1.0,2.1509530625458413
0.128,0.037,1.0,2.1837459946779143
0.1285,0.037,1.0,2.2156980525442354
0.129,0.037,1.0,2.2468262513575765
0.1295,0.037,1.0,2.2771473919362326
0.13,0.037,1.0,2.3066787701325144
0.1305,0.037,1.0,2.3354373665486996
0.131,0.037,1.0,2.363440512361959
0.1315,0.037,1.0,2.3907051509754624
0.132,0.037,1.0,2.4172484609157507
0.1325,0.037,1.0,2.443087182630453
0.133,0.037,1.0,2.4682381997869474
0.1335,0.037,1.0,2.4927179250038813
0.134,0.037,1.0,2.5165428413149513
0.1345,0.037,1.0,2.5397289411817026
0.135,0.037,1.0,2.562292230155113
0.1355,0.037,1.0,2.584248214049115
0.136,0.037,1.0,2.6056123669777773
0.1365,0.037,1.0,2.6263996620656025
0.137,0.037,1.0,2.6466250060931946
0.1375,0.037,1.0,2.666302809578371
0.138,0.037,1.0,2.6854473902527687
0.1385,0.037,1.0,2.704072578767282
0.139,0.037,1.0,2.7221920931671075
0.1395,0.037,1.0,2.739819176854774
0.14,0.037,1.0,2.7569669461466
0.1405,0.037,1.0,2.7736480574702496
0.14100000000000001,0.037,1.0,2.7898750299813706
0.14150000000000001,0.037,1.0,2.8056599392818717
0.14200000000000002,0.037,1.0,2.821014716961429
0.14250000000000002,0.037,1.0,2.8359508683996397
0.14300000000000002,0.037,1.0,2.8504797509777466
0.14350000000000002,0.037,1.0,2.8646123137763655
0.14400000000000002,0.037,1.0,2.8783593560832004
0.1445,0.037,1.0,2.8917312870199083
0.145,0.037,1.0,2.904738365853977
0.1455,0.037,1.0,2.917390479786657
0.146,0.037,1.0,2.9296973674644664
0.1465,0.037,1.0,2.941668413336794
0.147,0.037,1.0,2.953312855654829
0.1475,0.037,1.0,2.964639595965703
0.148,0.037,1.0,2.9756573927853203
0.1485,0.037,1.0,2.9863746849368784
0.149,0.037,1.0,2.996799771989284
0.1495,0.037,1.0,3.006940650273763
0.15,0.037,1.0,3.016805181091632
0.1505,0.037,1.0,3.026400938355131
0.151,0.037,1.0,3.0357353654869232
0.1515,0.037,1.0,3.0448156337315884
0.152,0.037,1.0,3.0536487885941286
0.1525,0.037,1.0,3.0622416179585645
0.153,0.037,1.0,3.070600788843492
0.1535,0.037,1.0,3.078732724544809
0.154,0.037,1.0,3.0866437324228686
0.1545,0.037,1.0,3.094339889358224
0.155,0.037,1.0,3.101827161227115
0.1555,0.037,1.0,3.109111296023703
0.156,0.037,1.0,3.1161979356272407
0.1565,0.037,1.0,3.123092516002558
0.157,0.037,1.0,3.129800371813365
0.1575,0.037,1.0,3.1363266431647627
0.158,0.037,1.0,3.1426763735731473
0.1585,0.037,1.0,3.14885442276116
0.159,0.037,1.0,3.154865558453843
0.1595,0.037,1.0,3.160714374778949
0.16,0.037,1.0,3.1664053783217576
0.1605,0.037,1.0,3.17194291172181
0.161,0.037,1.0,3.177331234384805
0.1615,0.037,1.0,3.1825744509011757
0.162,0.037,1.0,3.18767658678276
0.1625,0.037,1.0,3.1926415213595285
0.163,0.037,1.0,3.19747305888014
0.1635,0.037,1.0,3.202174865571556
0.164,0.037,1.0,3.20675053641685
0.1645,0.037,1.0,3.2112035360875875
0.165,0.037,1.0,3.2155372616884796
0.1655,0.037,1.0,3.2197549872960622
0.166,0.037,1.0,3.2238599229375358
0.1665,0.037,1.0,3.2278551624902914
0.167,0.037,1.0,3.231743739143
0.1675,0.037,1.0,3.235528576429024
0.168,0.037,1.0,3.2392125403995493
0.1685,0.037,1.0,3.24279839358182
0.169,0.037,1.0,3.246288844077202
0.1695,0.037,1.0,3.2496865022506927
0.17,0.037,1.0,3.252993926951649
0.1705,0.037,1.0,3.2562135847558893
0.171,0.037,1.0,3.2593478934921687
0.1715,0.037,1.0,3.2623991838714765
0.17200000000000001,0.037,1.0,3.2653697404898674
0.17250000000000001,0.037,1.0,3.2682617656910717
0.17300000000000001,0.037,1.0,3.27107741820448
0.17350000000000002,0.037,1.0,3.273818779098827
0.17400000000000002,0.037,1.0,3.2764878882022956
0.17450000000000002,0.037,1.0,3.2790867120155562
0.17500000000000002,0.037,1.0,3.281617178051274
0.17550000000000002,0.037,1.0,3.284081144583366
0.176,0.037,1.0,3.2864804330341593
0.1765,0.037,1.0,3.2888167994455144
0.177,0.037,1.0,3.2910919650329897
0.1775,0.037,1.0,3.293307589272555
0.178,0.037,1.0,3.29546529873288
0.1785,0.037,1.0,3.2975666616787196
0.179,0.037,1.0,3.299613215285327
0.1795,0.037,1.0,3.301606441666126
0.18,0.037,1.0,3.3035477935662834
0.1805,0.037,1.0,3.305438671728536
0.181,0.037,1.0,3.307280449156694
0.1815,0.037,1.0,3.309074449739317
0.182,0.037,1.0,3.3108219711678877
0.1825,0.037,1.0,3.3125242647432516
0.183,0.037,1.0,3.3141825570279333
0.1835,0.037,1.0,3.315798030765069
0.184,0.037,1.0,3.317371845339244
0.1845,0.037,1.0,3.318905118742375
0.185,0.037,1.0,3.3203989469125106
0.1855,0.037,1.0,3.3218543866852355
0.186,0.037,1.0,3.323272474075918
0.1865,0.037,1.0,3.324654208159052
0.187,0.037,1.0,3.326000568354834
0.1875,0.037,1.0,3.3273124991828444
0.188,0.037,1.0,3.3285909266104166
0.1885,0.037,1.0,3.329836743629928
0.189,0.037,1.0,3.331050825722773
0.1895,0.037,1.0,3.3322340172131746
0.19,0.037,1.0,3.333387145898218
0.1905,0.037,1.0,3.334511010133513
0.191,0.037,1.0,3.3356063926770485
0.1915,0.037,1.0,3.336674048464948
0.192,0.037,1.0,3.337714717713623
0.1925,0.037,1.0,3.338729114346563
0.193,0.037,1.0,3.339717938396667
0.1935,0.037,1.0,3.340681865047347
0.194,0.037,1.0,3.341621556374315
0.1945,0.037,1.0,3.3425376512873677
0.195,0.037,0.0,3.3434307748539767
0.1955,0.037,0.0,3.3441975625712064
0.196,0.037,0.0,3.3447314724074166
0.1965,0.037,0.0,3.345027526536748
0.197,0.037,0.0,3.3450838326498737
0.1975,0.037,0.0,3.3449855167521787
0.198,0.037,0.0,3.3447545972994597
0.1985,0.037,0.0,3.34438299537099
0.199,0.037,0.0,3.3438619872399364
0.1995,0.037,0.0,3.343182086820277
0.2,0.037,0.0,3.3423330472800767
0.2005,0.037,0.0,3.3413036904362103
0.201,0.037,0.0,3.3400819265627306
0.2015,0.037,0.0,3.3386545393044145
0.202,0.037,0.0,3.33700720657211
0.2025,0.037,0.0,3.335124235503002
0.203,0.037,0.0,3.3329885841558826
0.20350000000000001,0.037,0.0,3.3305815331578903
0.20400000000000001,0.037,0.0,3.3278827079031603
0.20450000000000002,0.037,0.0,3.324869669940873
0.20500000000000002,0.037,0.0,3.3215179396009904
0.20550000000000002,0.037,0.0,3.31780048605814
0.20600000000000002,0.037,0.0,3.313687751117847
0.20650000000000002,0.037,0.0,3.309147012775821
0.20700000000000002,0.037,0.0,3.30414241308369
0.20750000000000002,0.037,0.0,3.2986341674134856
0.20800000000000002,0.037,0.0,3.2925786045431313
0.2085,0.037,0.0,3.2859271962692165
0.209,0.037,0.0,3.2786266294849944
0.2095,0.037,0.0,3.2706176458689646
0.21,0.037,0.0,3.2618351902658964
0.2105,0.037,0.0,3.2522070929243965
0.211,0.037,0.0,3.2416543872915464
0.2115,0.037,0.0,3.2300899639981684
0.212,0.037,0.0,3.2174192403672928
0.2125,0.037,0.0,3.203539102756256
0.213,0.037,0.0,3.188339250327364
0.2135,0.037,0.0,3.171702043175936
0.214,0.037,0.0,3.153504997933514
0.2145,0.037,0.0,3.1336224945111697
0.215,0.037,0.0,3.1119298896150047
0.2155,0.037,0.0,3.088308054000446
0.216,0.037,0.0,3.0626489763607836
0.2165,0.037,0.0,3.034863151994471
0.217,0.037,0.0,3.004885029697096
0.2175,0.037,0.0,2.9726809464250294
0.218,0.037,0.0,2.938251168528357
0.2185,0.037,0.0,2.901634541765254
0.219,0.037,0.0,2.862904378863259
0.2195,0.037,0.0,2.8221673025897744
0.22,0.037,0.0,2.7795543342181555
0.2205,0.037,0.0,2.735215548721812
0.221,0.037,0.0,2.6893108629648466
0.2215,0.037,0.0,2.6420043374978937
0.222,0.037,0.0,2.593458282967399
0.2225,0.037,0.0,2.5438296716971243
0.223,0.037,0.0,2.493268061723154
0.2235,0.037,0.0,2.4419142942718386
0.224,0.037,0.0,2.389900804399326
0.2245,0.037,0.0,2.3373516956915203
0.225,0.037,0.0,2.2843838974380746
0.2255,0.037,0.0,2.2311077393779972
0.226,0.037,0.0,2.1776280602017124
0.2265,0.037,0.0,2.124044790246975
0.227,0.037,0.0,2.070453693940806
0.2275,0.037,0.0,2.0169467786834603
0.228,0.037,0.0,1.9636126548603372
0.2285,0.037,0.0,1.9105367418923334
0.229,0.037,0.0,1.857801325856862
0.2295,0.037,0.0,1.8054855775003875
0.23,0.037,0.0,1.75366538955029
0.2305,0.037,0.0,1.70241321856566
0.231,0.037,0.0,1.651797766755732
0.2315,0.037,0.0,1.6018836546403206
0.232,0.037,0.0,1.5527310144512365
0.2325,0.037,0.0,1.5043950202283827
0.233,0.037,0.0,1.456925492634285
0.2335,0.037,0.0,1.410366364183615
0.234,0.037,0.0,1.3647554418757137
0.23450000000000001,0.037,0.0,1.3201239423455955
0.23500000000000001,0.037,0.0,1.2764965593915616
0.23550000000000001,0.037,0.0,1.233891341207786
0.23600000000000002,0.037,0.0,1.192320074505319
0.23650000000000002,0.037,0.0,1.1517884920268266
0.23700000000000002,0.037,0.0,1.1122971481957808
0.23750000000000002,0.037,0.0,1.07384192725704
0.23800000000000002,0.037,0.0,1.036415117527233
0.23850000000000002,0.037,0.0,1.0000061002632237
0.23900000000000002,0.037,0.0,0.9646023554618358
0.23950000000000002,0.037,0.0,0.9301901146947187
0.24,0.037,0.0,0.8967550686588247
0.2405,0.037,0.0,0.8642828198062091
0.241,0.037,0.0,0.8327592051120711
0.2415,0.037,0.0,0.8021704962802132
0.242,0.037,0.0,0.7725033998349136
0.2425,0.037,0.0,0.7437450540032496
0.243,0.037,0.0,0.7158828483154799
0.2435,0.037,0.0,0.688904311637423
0.244,0.037,0.0,0.6627968919327519
0.2445,0.037,0.0,0.6375478212866029
0.245,0.037,0.0,0.6131439470751034
0.2455,0.037,0.0,0.5895716255041674
0.246,0.037,0.0,0.5668166394432764
0.2465,0.037,0.0,0.5448641382966797
0.247,0.037,0.0,0.5236986387296654
0.2475,0.037,0.0,0.5033040074161569
0.248,0.037,0.0,0.483663522806774
0.2485,0.037,0.0,0.46475988852375244
0.249,0.037,0.0,0.44657533114420406
0.2495,0.037,0.0,0.42909163117327775
0.25,0.037,0.0,0.4122902360040788
0.2505,0.037,0.0,0.39615229805666513
0.251,0.037,0.0,0.38065878835308037
0.2515,0.037,0.0,0.36579053481587714
0.252,0.037,0.0,0.35152832761857855
0.2525,0.037,0.0,0.3378529535602099
0.253,0.037,0.0,0.3247452886412419
0.2535,0.037,0.0,0.3121863265364338
0.254,0.037,0.0,0.30015725670326254
0.2545,0.037,0.0,0.2886394863325892
0.255,0.037,0.0,0.277614704028689
0.2555,0.037,0.0,0.2670648954137161
0.256,0.037,0.0,0.2569723933706412
0.2565,0.037,0.0,0.24731988789656015
0.257,0.037,0.0,0.238090464352114
0.2575,0.037,0.0,0.22926760834235863
0.258,0.037,0.0,0.22083523356751755
0.2585,0.037,0.0,0.2127776825555923
0.259,0.037,0.0,0.2050797456902413
0.2595,0.037,0.0,0.1977266585886608
0.26,0.037,0.0,0.19070411377416763
0.2605,0.037,0.0,0.18399825542458545
0.261,0.037,0.0,0.17759568500806494
0.2615,0.037,0.0,0.17148345404326165
0.262,0.037,0.0,0.16564906485532238
0.2625,0.037,0.0,0.16008046190214736
0.263,0.037,0.0,0.15476602864835665
0.2635,0.037,0.0,0.1496945779286426
0.264,0.037,0.0,0.14485534578894382
0.2645,0.037,0.0,0.14023798128150058
0.265,0.037,0.0,0.13583253798794673
0.2655,0.037,0.0,0.1316294635724789
0.266,0.037,0.0,0.12761958958222427
0.2665,0.037,0.0,0.12379412102509954
0.267,0.037,0.0,0.12014462493852143
0.2675,0.037,0.0,0.11666302020657075
0.268,0.037,0.0,0.11334156529786373
0.2685,0.037,0.0,0.11017284849195967
0.269,0.037,0.0,0.10714977510980075
0.2695,0.037,0.0,0.10426555828090805
0.27,0.037,0.0,0.10151370592395874
0.2705,0.037,0.0,0.09888801215337373
0.271,0.037,0.0,0.0963825442118808
0.2715,0.037,0.0,0.09399163458688399
0.272,0.037,0.0,0.09170986804992831
0.2725,0.037,0.0,0.08953207452891225
0.273,0.037,0.0,0.08745331637031552
0.2735,0.037,0.0,0.08546888199201401
0.274,0.037,0.0,0.08357427345195236
0.2745,0.037,0.0,0.0817652008877271
0.275,0.037,0.0,0.08003757044903789
0.2755,0.037,0.0,0.07838747951389163
0.276,0.037,0.0,0.07681120502124188
0.2765,0.037,0.0,0.07530519943923776
0.277,0.037,0.0,0.07386607951818476
0.2775,0.037,0.0,0.07249062297388355
0.278,0.037,0.0,0.07117575766902814
0.2785,0.037,0.0,0.06991855896416166
0.279,0.037,0.0,0.06871623932744737
0.2795,0.037,0.0,0.06756614629729661
0.28,0.037,0.0,0.06646575251571342
0.2805,0.037,0.0,0.06541265424036657
0.281,0.037,0.0,0.0644045617946791
0.28150000000000003,0.037,0.0,0.06343929856340041
0.28200000000000003,0.037,0.0,0.06251479185269933
0.28250000000000003,0.037,0.0,0.06162907230195522
0.28300000000000003,0.037,0.0,0.06078026514879305
0.28350000000000003,0.037,0.0,0.05996658999076713
0.28400000000000003,0.037,0.0,0.05918635245276613
0.28450000000000003,0.037,0.0,0.05843794423528536
0.28500000000000003,0.037,0.0,0.057719835184201346
0.28550000000000003,0.037,0.0,0.05703057356712922
0.28600000000000003,0.037,0.0,0.05636877854755237
0.28650000000000003,0.037,0.0,0.0557331406367748
0.28700000000000003,0.037,0.0,0.055122414575535295
0.28750000000000003,0.037,0.0,0.05453541991574206
0.28800000000000003,0.037,0.0,0.053971034312664146
0.2885,0.037,0.0,0.05342819419754952
0.289,0.037,0.0,0.052905888482300725
0.2895,0.037,0.0,0.05240315929079425
0.29,0.037,0.0,0.05191909607567367
0.2905,0.037,0.0,0.05145283638245281
0.291,0.037,0.0,0.05100356037511886
0.2915,0.037,0.0,0.050570491612562274
0.292,0.037,0.0,0.05015289197629157
0.2925,0.037,0.0,0.04975006244354085
0.293,0.037,0.0,0.049361338406872166
0.2935,0.037,0.0,0.04898609043228125
0.294,0.037,0.0,0.048623719957216066
0.2945,0.037,0.0,0.04827366002519562
0.295,0.037,0.0,0.04793537134588955
0.2955,0.037,0.0,0.04760834300038694
0.296,0.037,0.0,0.04729208884470669
0.2965,0.037,0.0,0.04698614818182362
0.297,0.037,0.0,0.046690082488265214
0.2975,0.037,0.0,0.046403476050630346
0.298,0.037,0.0,0.04612593299388747
0.2985,0.037,0.0,0.04585707788124466
0.299,0.037,0.0,0.04559655302231445
0.2995,0.037,0.0,0.045344019036107
0.3,0.037,0.0,0.04509915241724203
0.3005,0.037,0.0,0.04486164606250707
0.301,0.037,0.0,0.04463120707373536
0.3015,0.037,0.0,0.04440755724886375
0.302,0.037,0.0,0.04419043110087929
0.3025,0.037,0.0,0.043979576314615985
0.303,0.037,0.0,0.043774751962232086
0.3035,0.037,0.0,0.043575728927208776
0.304,0.037,0.0,0.043382288297966726
0.3045,0.037,0.0,0.04319422176069338
0.305,0.037,0.0,0.04301133015398097
0.3055,0.037,0.0,0.042833423832211844
0.306,0.037,0.0,0.04266032136539735
0.3065,0.037,0.0,0.042491849874848456
0.307,0.037,0.0,0.042327843863733776
0.3075,0.037,0.0,0.042168145526792274
0.308,0.037,0.0,0.042012603698357846
0.3085,0.037,0.0,0.04186107413784142
0.309,0.037,0.0,0.041713418583220016
0.3095,0.037,0.0,0.041569505013948314
0.31,0.037,0.0,0.041429206799044736
0.3105,0.037,0.0,0.0412924029390528
0.311,0.037,0.0,0.041158977298926744
0.3115,0.037,0.0,0.04102881883056268
0.312,0.037,0.0,0.04090182088170051
0.3125,0.037,0.0,0.04077788140046921
0.313,0.037,0.0,0.04065690231238189
0.3135,0.037,0.0,0.040538789708303165
0.314,0.037,0.0,0.04042345328244955
0.3145,0.037,0.0,0.04031080650503462
0.315,0.037,0.0,0.040200766114980926
0.3155,0.037,0.0,0.040093252278433654
0.316,0.037,0.0,0.03998818813050707
0.3165,0.037,0.0,0.039885499920807255
0.317,0.037,0.0,0.039785116599146936
0.3175,0.037,0.0,0.03968696994913236
0.318,0.037,0.0,0.03959099421331879
0.3185,0.037,0.0,0.0394971262158084
0.319,0.037,0.0,0.03940530502284819
0.3195,0.037,0.0,0.03931547205533767
0.32,0.037,0.0,0.03922757078122714
0.3205,0.037,0.0,0.039141546818790736
0.321,0.037,0.0,0.039057347657622254
0.3215,0.037,0.0,0.038974922753392746
0.322,0.037,0.0,0.0388942232746108
0.3225,0.037,0.0,0.0388152021895665
0.323,0.037,0.0,0.038737814036256604
0.3235,0.037,0.0,0.03866201500219314
0.324,0.037,0.0,0.03858776271519075
0.3245,0.037,0.0,0.038515016316622214
0.325,0.037,0.0,0.03844373627102925
0.3255,0.037,0.0,0.038373884433367825
0.326,0.037,0.0,0.03830542387561209
0.3265,0.037,0.0,0.03823831894847424
0.327,0.037,0.0,0.038172535123351885
0.3275,0.037,0.0,0.038108039049012776
0.328,0.037,0.0,0.03804479840740641
0.3285,0.037,0.0,0.03798278196569072
0.329,0.037,0.0,0.03792195944462687
0.3295,0.037,0.0,0.037862301566340864
0.33,0.037,0.0,0.03780377993407911
0.3305,0.037,0.0,0.03774636707609008
0.331,0.037,0.0,0.037690036335653126
0.3315,0.037,0.0,0.037634761911409
0.332,0.037,0.0,0.03758051875672087
0.3325,0.037,0.0,0.037527282616733486
0.333,0.037,0.0,0.03747502993620731
0.3335,0.037,0.0,0.03742373789356809
0.334,0.037,0.0,0.0373733843164562
0.3345,0.037,0.0,0.03732394771301333
0.335,0.037,0.0,0.03727540719442889
0.3355,0.037,0.0,0.03722774250371193
0.336,0.037,0.0,0.03718093394459256
0.3365,0.037,0.0,0.03713496240798754
0.337,0.037,0.0,0.037089809306700285
0.3375,0.037,0.0,0.03704545659974799
0.338,0.037,0.0,0.037001886732362696
0.3385,0.037,0.0,0.036959082658349435
0.339,0.037,0.0,0.03691702778492094
0.3395,0.037,0.0,0.03687570599326583
0.34,0.037,0.0,0.03683510158775774
0.3405,0.037,0.0,0.036795199314911105
0.341,0.037,0.0,0.03675598431658055
0.3415,0.037,0.0,0.036717442147416665
0.342,0.037,0.0,0.036679558731743694
0.3425,0.037,0.0,0.036642320379610856
0.343,0.037,0.0,0.03660571374704453
0.3435,0.037,0.0,0.036569725850807484
0.34400000000000003,0.037,0.0,0.036534344031735916
0.34450000000000003,0.037,0.0,0.036499555968330884
0.34500000000000003,0.037,0.0,0.03646534964288965
0.34550000000000003,0.037,0.0,0.03643171335404667
0.34600000000000003,0.037,0.0,0.0363986356854619
0.34650000000000003,0.037,0.0,0.036366105517383736
0.34700000000000003,0.037,0.0,0.036334111997695095
0.34750000000000003,0.037,0.0,0.03630264455257192
0.34800000000000003,0.037,0.0,0.03627169285970665
0.34850000000000003,0.037,0.0,0.0362412468581076
0.34900000000000003,0.037,0.0,0.03621129672332985
0.34950000000000003,0.037,0.0,0.03618183287651606
0.35000000000000003,0.037,0.0,0.036152845961433
0.35050000000000003,0.037,0.0,0.03612432685281745
0.35100000000000003,0.037,0.0,0.03609626663509565
0.35150000000000003,0.037,0.0,0.036068656610083925
0.352,0.037,0.0,0.036041488277242364
0.3525,0.037,0.0,0.03601475334077846
0.353,0.037,0.0,0.035988443691339786
0.3535,0.037,0.0,0.03596255141254862
0.354,0.037,0.0,0.03593706876401219
0.3545,0.037,0.0,0.03591198818735843
0.355,0.037,0.0,0.03588730229043728
0.3555,0.037,0.0,0.0358630038529114
0.356,0.037,0.0,0.03583908581154975
0.3565,0.037,0.0,0.035815541265400624
0.357,0.037,0.0,0.0357923634621087
0.3575,0.037,0.0,0.03576954580270198
0.358,0.037,0.0,0.035747081828837256
0.3585,0.037,0.0,0.03572496522723717
0.359,0.037,0.0,0.03570318981780691
0.3595,0.037,0.0,0.03568174955774544
0.36,0.037,0.0,0.03566063853044978
0.3605,0.037,0.0,0.035639850949332974
0.361,0.037,0.0,0.035619381147472325
0.3615,0.037,0.0,0.03559922358114819
0.362,0.037,0.0,0.03557937282016598
0.3625,0.037,0.0,0.03555982355115289
0.363,0.037,0.0,0.035540570568506666
0.3635,0.037,0.0,0.03552160877745234
0.364,0.037,0.0,0.03550293318559188
0.3645,0.037,0.0,0.03548453890572729
0.365,0.037,0.0,0.03546642114795645
0.3655,0.037,0.0,0.03544857522230859
0.366,0.037,0.0,0.035430996531331964
0.3665,0.037,0.0,0.03541368057253588
0.367,0.037,0.0,0.03539662293147001
0.3675,0.037,0.0,0.03537981928397984
0.368,0.037,0.0,0.035363265389713315
0.3685,0.037,0.0,0.03534695709423396
0.369,0.037,0.0,0.03533089032291571
0.3695,0.037,0.0,0.0353150610829269
0.37,0.037,0.0,0.0352994654574826
0.3705,0.037,0.0,0.03528409960769838
0.371,0.037,0.0,0.03526895976720262
0.3715,0.037,0.0,0.03525404224384878
0.372,0.037,0.0,0.03523934341465929
0.3725,0.037,0.0,0.03522485972742428
0.373,0.037,0.0,0.03521058769593246
0.3735,0.037,0.0,0.03519652390149659
0.374,0.037,0.0,0.03518266498843102
0.3745,0.037,0.0,0.03516900766548241
0.375,0.037,0.0,0.035155548701587866
0.3755,0.037,0.0,0.03514228492719997
0.376,0.037,0.0,0.0351292132302955
0.3765,0.037,0.0,0.035116330557606455
0.377,0.037,0.0,0.035103633910857884
0.3775,0.037,0.0,0.03509112034793726
0.378,0.037,0.0,0.0350787869793275
0.3785,0.037,0.0,0.03506663096919769
0.379,0.037,0.0,0.035054649532051126
0.3795,0.037,0.0,0.035042839933749154
0.38,0.037,0.0,0.035031199488319995
0.3805,0.037,0.0,0.03501972555895433
0.381,0.037,0.0,0.03500841555495983
0.3815,0.037,0.0,0.03499726693271364
0.382,0.037,0.0,0.03498627719276815
0.3825,0.037,0.0,0.03497544388075583
0.383,0.037,0.0,0.03496476458465396
0.3835,0.037,0.0,0.03495423693562904
0.384,0.037,0.0,0.03494385860543527
0.3845,0.037,0.0,0.034933627307239354
0.385,0.037,0.0,0.03492354079312346
0.3855,0.037,0.0,0.03491359685487973
0.386,0.037,0.0,0.03490379332164816
0.3865,0.037,0.0,0.034894128060649766
0.387,0.037,0.0,0.03488459897495061
0.3875,0.037,0.0,0.034875204004166244
0.388,0.037,0.0,0.034865941122322844
0.3885,0.037,0.0,0.03485680833853257
0.389,0.037,0.0,0.03484780369495356
0.3895,0.037,0.0,0.034838925267440014
0.39,0.037,0.0,0.03483017116360076
0.3905,0.037,0.0,0.0348215395234013
0.391,0.037,0.0,0.03481302851733289
0.3915,0.037,0.0,0.03480463634697868
0.392,0.037,0.0,0.03479636124326429
0.3925,0.037,0.0,0.03478820146701251
0.393,0.037,0.0,0.03478015530724841
0.3935,0.037,0.0,0.034772221081762894
0.394,0.037,0.0,0.0347643971354599
0.3945,0.037,0.0,0.03475668184069093
